age,speed
2,88.37327189
3,89.73963134
4,96.57142857
